{
  "generated_at": "2025-12-13T00:55:42.106949Z",
  "feature_names": [
    "z",
    "abs_z",
    "z_mom_1",
    "z_mom_4",
    "z_mean_10",
    "z_std_10",
    "abs_z_mean_20",
    "time_in_signal",
    "ret1_1",
    "ret2_1",
    "ret_spread_1",
    "corr_50",
    "vol1_50",
    "vol2_50",
    "vol_spread_50"
  ],
  "scaler_mean": [
    0.1289794294326805,
    2.542463927380451,
    0.1345001902275816,
    0.13894431945345792,
    0.017892850099112408,
    1.0251008640819528,
    0.6080338485163449,
    1.1132075471698113,
    0.0011647513200984505,
    0.00029140118679196205,
    0.0008733501333064885,
    0.4467719648136942,
    0.0035446508282307794,
    0.003112069044838152,
    0.003601222177564284
  ],
  "scaler_scale": [
    3.0236982413131948,
    1.641725898469801,
    2.992366818977547,
    3.1595568898673236,
    0.582577751339732,
    0.6635524946342787,
    0.284157718919419,
    0.5980647777331438,
    0.013986203147559929,
    0.012071456636648966,
    0.01645033069061844,
    0.3001721060176926,
    0.002046463125214313,
    0.0015532218557071575,
    0.002299693888417269
  ],
  "coef": [
    0.7925673605831407,
    -0.2107951536791709,
    -0.12909432463664725,
    -0.27143568399775914,
    -0.2383653618401478,
    -0.06436066950596295,
    0.05569421647888076,
    -0.22153333828987404,
    -0.1511653777869282,
    0.059433539720452976,
    -0.17213508551038165,
    -0.2346469379311994,
    0.3168457538854565,
    0.2741642169476484,
    -0.40471308494461883
  ],
  "intercept": -0.0024149000273478477,
  "metrics": {
    "auc": 0.47132822477650055,
    "train_samples": 583.0,
    "test_samples": 251.0,
    "pos_rate": 0.5179856115107914
  },
  "training": {
    "period": "60d",
    "interval": "15m",
    "entry": 1.5,
    "exit": 0.5,
    "stop_z": 3.5,
    "max_hold_bars": 200,
    "cost_bps": 2.0,
    "max_pairs": 25,
    "feature_names": [
      "z",
      "abs_z",
      "z_mom_1",
      "z_mom_4",
      "z_mean_10",
      "z_std_10",
      "abs_z_mean_20",
      "time_in_signal",
      "ret1_1",
      "ret2_1",
      "ret_spread_1",
      "corr_50",
      "vol1_50",
      "vol2_50",
      "vol_spread_50"
    ]
  }
}